Workbook

Sheet Books
A1: Book ID | B1: Series | C1: Subject | D1: Grade | E1: Term | F1: Year | G1: Publisher | H1: Type | I1: Cover | J1: File | K1: Format | L1: Pages | M1: Paper Count | N1: Unit Price (EGP)
A2: 1 | B2: التأسيس | C2: رياضيات | D2: 1 | E2: 1 | F2: 2027 | G2: المتميزون | H2: كتاب | I2: Y | J2: library\Grade_01\التأسيس - رياضيات - الصف الأول الابتدائي - الترم الأول - 2027 - المتميزون - الصف الاول الابتدائي الصف الاول الابتدائي.pdf | K2: pdf | L2: 242 | M2: =ROUND(L2*Settings!$B$4,0) | N2: =ROUND(M2*Settings!$B$2+IF(I2="Y",Settings!$B$3,0),2)
A3: 2 | D3: 1 | E3: 1 | F3: 2027 | G3: المتميزون | H3: كتاب | I3: Y | J3: library\Grade_01\الصف الأول الابتدائي - الترم الأول - 2027 - المتميزون - الصف الاول الابتدائي الصف الاول الابتدائي سندباد رياضه.pdf | K3: pdf | L3: 288 | M3: =ROUND(L3*Settings!$B$4,0) | N3: =ROUND(M3*Settings!$B$2+IF(I3="Y",Settings!$B$3,0),2)
A4: 3 | C4: رياضيات | D4: 1 | E4: 1 | F4: 2027 | G4: المتميزون | H4: كتاب | I4: Y | J4: library\Grade_01\رياضيات - الصف الأول الابتدائي - الترم الأول - 2027 - المتميزون - الصف الاول الابتدائي الصف الاول الابتدائي الابرار.pdf | K4: pdf | L4: 301 | M4: =ROUND(L4*Settings!$B$4,0) | N4: =ROUND(M4*Settings!$B$2+IF(I4="Y",Settings!$B$3,0),2)
A5: 4 | C5: رياضيات | D5: 1 | E5: 1 | F5: 2027 | G5: المتميزون | H5: كتاب | I5: Y | J5: library\Grade_01\رياضيات - الصف الأول الابتدائي - الترم الأول - 2027 - المتميزون - الصف الاول الابتدائي الصف الاول الابتدائي قطر.pdf | K5: pdf | L5: 226 | M5: =ROUND(L5*Settings!$B$4,0) | N5: =ROUND(M5*Settings!$B$2+IF(I5="Y",Settings!$B$3,0),2)
A6: 5 | B6: سلاح التلميذ | D6: 1 | E6: 1 | F6: 2027 | G6: المتميزون | H6: كتاب | I6: Y | J6: library\Grade_01\سلاح التلميذ - الصف الأول الابتدائي - الترم الأول - 2027 - المتميزون - الصف الاول الابتدائي الصف الاول الابتدائي دين 1.pdf | K6: pdf | L6: 114 | M6: =ROUND(L6*Settings!$B$4,0) | N6: =ROUND(M6*Settings!$B$2+IF(I6="Y",Settings!$B$3,0),2)
A7: 6 | B7: سلاح التلميذ | C7: انجليزي | D7: 1 | E7: 1 | F7: 2027 | G7: المتميزون | H7: كتاب | I7: Y | J7: library\Grade_01\سلاح التلميذ - انجليزي - الصف الأول الابتدائي - الترم الأول - 2027 - المتميزون - الصف الاول الابتدائي الصف الاول الابتدائي.pdf | K7: pdf | L7: 274 | M7: =ROUND(L7*Settings!$B$4,0) | N7: =ROUND(M7*Settings!$B$2+IF(I7="Y",Settings!$B$3,0),2)
A8: 7 | B8: سلاح التلميذ | C8: رياضيات | D8: 1 | E8: 1 | F8: 2027 | G8: المتميزون | H8: كتاب | I8: Y | J8: library\Grade_01\سلاح التلميذ - رياضيات - الصف الأول الابتدائي - الترم الأول - 2027 - المتميزون - الصف الاول الابتدائي الصف الاول الابتدائي.pdf | K8: pdf | L8: 290 | M8: =ROUND(L8*Settings!$B$4,0) | N8: =ROUND(M8*Settings!$B$2+IF(I8="Y",Settings!$B$3,0),2)
A9: 8 | C9: عربي | D9: 1 | E9: 1 | F9: 2027 | G9: المتميزون | H9: كتاب | I9: Y | J9: library\Grade_01\عربي - الصف الأول الابتدائي - الترم الأول - 2027 - المتميزون - الصف الاول الابتدائي الصف الاول الابتدائي الابرار.pdf | K9: pdf | L9: 276 | M9: =ROUND(L9*Settings!$B$4,0) | N9: =ROUND(M9*Settings!$B$2+IF(I9="Y",Settings!$B$3,0),2)
A10: 9 | C10: عربي | D10: 1 | E10: 1 | F10: 2027 | G10: المتميزون | H10: كتاب | I10: Y | J10: library\Grade_01\عربي - الصف الأول الابتدائي - الترم الأول - 2027 - المتميزون - الصف الاول الابتدائي الصف الاول الابتدائي الاستاذ.pdf | K10: pdf | L10: 337 | M10: =ROUND(L10*Settings!$B$4,0) | N10: =ROUND(M10*Settings!$B$2+IF(I10="Y",Settings!$B$3,0),2)
A11: 10 | C11: عربي | D11: 1 | E11: 1 | F11: 2027 | G11: المتميزون | H11: كتاب | I11: Y | J11: library\Grade_01\عربي - الصف الأول الابتدائي - الترم الأول - 2027 - المتميزون - الصف الاول الابتدائي الصف الاول الابتدائي سندباد.pdf | K11: pdf | L11: 304 | M11: =ROUND(L11*Settings!$B$4,0) | N11: =ROUND(M11*Settings!$B$2+IF(I11="Y",Settings!$B$3,0),2)
A12: 11 | C12: عربي | D12: 1 | E12: 1 | F12: 2027 | G12: المتميزون | H12: كتاب | I12: Y | J12: library\Grade_01\عربي - الصف الأول الابتدائي - الترم الأول - 2027 - المتميزون - الصف الاول الابتدائي الصف الاول الابتدائي قطر.pdf | K12: pdf | L12: 282 | M12: =ROUND(L12*Settings!$B$4,0) | N12: =ROUND(M12*Settings!$B$2+IF(I12="Y",Settings!$B$3,0),2)
A13: 12 | B13: قطر الندى | D13: 1 | E13: 1 | F13: 2027 | G13: المتميزون | H13: كتاب | I13: Y | J13: library\Grade_01\قطر الندى - الصف الأول الابتدائي - الترم الأول - 2027 - المتميزون - الصف الاول الابتدائي الصف الاول الابتدائي دين.pdf | K13: pdf | L13: 98 | M13: =ROUND(L13*Settings!$B$4,0) | N13: =ROUND(M13*Settings!$B$2+IF(I13="Y",Settings!$B$3,0),2)
A14: 13 | B14: التأسيس | C14: رياضيات | D14: 1 | E14: 1 | F14: 2027 | G14: المتميزون | H14: ملحق | I14: Y | J14: library\Grade_01\ملحق التأسيس - رياضيات - الصف الأول الابتدائي - الترم الأول - 2027 - المتميزون - الصف الاول الابتدائي الصف الاول الابتدائي.pdf | K14: pdf | L14: 50 | M14: =ROUND(L14*Settings!$B$4,0) | N14: =ROUND(M14*Settings!$B$2+IF(I14="Y",Settings!$B$3,0),2)
A15: 14 | C15: عربي | D15: 1 | E15: 1 | F15: 2027 | G15: المتميزون | H15: ملحق | I15: Y | J15: library\Grade_01\ملحق عربي - الصف الأول الابتدائي - الترم الأول - 2027 - المتميزون - الصف الاول الابتدائي الصف الاول الابتدائي الاستاذ.pdf | K15: pdf | L15: 49 | M15: =ROUND(L15*Settings!$B$4,0) | N15: =ROUND(M15*Settings!$B$2+IF(I15="Y",Settings!$B$3,0),2)
A16: 15 | B16: الاضواء | C16: عربي | D16: 2 | E16: 1 | F16: 2027 | H16: كتاب | I16: Y | J16: library\Grade_02\الاضواء - عربي - الصف الثاني الابتدائي - الترم الأول - 2027.pdf | K16: pdf | L16: 288 | M16: =ROUND(L16*Settings!$B$4,0) | N16: =ROUND(M16*Settings!$B$2+IF(I16="Y",Settings!$B$3,0),2)
A17: 16 | B17: التأسيس | C17: عربي | D17: 2 | E17: 1 | F17: 2027 | G17: المتميزون | H17: كتاب | I17: Y | J17: library\Grade_02\التأسيس - عربي - الصف الثاني الابتدائي - الترم الأول - 2027 - المتميزون.pdf | K17: pdf | L17: 226 | M17: =ROUND(L17*Settings!$B$4,0) | N17: =ROUND(M17*Settings!$B$2+IF(I17="Y",Settings!$B$3,0),2)
A18: 17 | B18: الشاطر | C18: عربي | D18: 2 | E18: 1 | F18: 2027 | G18: المتميزون | H18: كتاب | I18: Y | J18: library\Grade_02\الشاطر - عربي - الصف الثاني الابتدائي - الترم الأول - 2027 - المتميزون.pdf | K18: pdf | L18: 226 | M18: =ROUND(L18*Settings!$B$4,0) | N18: =ROUND(M18*Settings!$B$2+IF(I18="Y",Settings!$B$3,0),2)
A19: 18 | D19: 2 | E19: 1 | F19: 2027 | H19: كتاب | I19: Y | J19: library\Grade_02\الصف الثاني الابتدائي - الترم الأول - 2027 - قواعد النحو والاملاء للصف الثاني الابتدائي.pdf | K19: pdf | L19: 38 | M19: =ROUND(L19*Settings!$B$4,0) | N19: =ROUND(M19*Settings!$B$2+IF(I19="Y",Settings!$B$3,0),2)
A20: 19 | B20: سلاح التلميذ | D20: 2 | E20: 1 | F20: 2027 | G20: المتميزون | H20: كتاب | I20: Y | J20: library\Grade_02\سلاح التلميذ - الصف الثاني الابتدائي - الترم الأول - 2027 - المتميزون - دين.pdf | K20: pdf | L20: 130 | M20: =ROUND(L20*Settings!$B$4,0) | N20: =ROUND(M20*Settings!$B$2+IF(I20="Y",Settings!$B$3,0),2)
A21: 20 | B21: سلاح التلميذ | C21: انجليزي | D21: 2 | E21: 1 | F21: 2027 | G21: المتميزون | H21: كتاب | I21: Y | J21: library\Grade_02\سلاح التلميذ - انجليزي - الصف الثاني الابتدائي - الترم الأول - 2027 - المتميزون.pdf | K21: pdf | L21: 274 | M21: =ROUND(L21*Settings!$B$4,0) | N21: =ROUND(M21*Settings!$B$2+IF(I21="Y",Settings!$B$3,0),2)
A22: 21 | B22: سلاح التلميذ | C22: رياضيات | D22: 2 | E22: 1 | F22: 2027 | G22: المتميزون | H22: كتاب | I22: Y | J22: library\Grade_02\سلاح التلميذ - رياضيات - الصف الثاني الابتدائي - الترم الأول - 2027 - المتميزون.pdf | K22: pdf | L22: 274 | M22: =ROUND(L22*Settings!$B$4,0) | N22: =ROUND(M22*Settings!$B$2+IF(I22="Y",Settings!$B$3,0),2)
A23: 22 | B23: سلاح التلميذ | C23: عربي | D23: 2 | E23: 1 | F23: 2027 | G23: المتميزون | H23: كتاب | I23: Y | J23: library\Grade_02\سلاح التلميذ - عربي - الصف الثاني الابتدائي - الترم الأول - 2027 - المتميزون.pdf | K23: pdf | L23: 258 | M23: =ROUND(L23*Settings!$B$4,0) | N23: =ROUND(M23*Settings!$B$2+IF(I23="Y",Settings!$B$3,0),2)
A24: 23 | C24: عربي | D24: 2 | E24: 1 | F24: 2027 | G24: المتميزون | H24: كتاب | I24: Y | J24: library\Grade_02\عربي - الصف الثاني الابتدائي - الترم الأول - 2027 - المتميزون - الاستاذ.pdf | K24: pdf | L24: 414 | M24: =ROUND(L24*Settings!$B$4,0) | N24: =ROUND(M24*Settings!$B$2+IF(I24="Y",Settings!$B$3,0),2)
A25: 24 | C25: عربي | D25: 2 | E25: 1 | F25: 2027 | G25: المتميزون | H25: كتاب | I25: Y | J25: library\Grade_02\عربي - الصف الثاني الابتدائي - الترم الأول - 2027 - المتميزون - قطر.pdf | K25: pdf | L25: 266 | M25: =ROUND(L25*Settings!$B$4,0) | N25: =ROUND(M25*Settings!$B$2+IF(I25="Y",Settings!$B$3,0),2)
A26: 25 | C26: عربي | D26: 2 | E26: 1 | H26: كتاب | I26: Y | J26: library\Grade_02\عربي - الصف الثاني الابتدائي - الترم الأول - بوكليت منهج اللغه ال ه للصف الثاني الابتدائي.pdf | K26: pdf | L26: 49 | M26: =ROUND(L26*Settings!$B$4,0) | N26: =ROUND(M26*Settings!$B$2+IF(I26="Y",Settings!$B$3,0),2)
A27: 26 | B27: قطر الندى | D27: 2 | E27: 1 | F27: 2027 | G27: المتميزون | H27: كتاب | I27: Y | J27: library\Grade_02\قطر الندى - الصف الثاني الابتدائي - الترم الأول - 2027 - المتميزون - دين.pdf | K27: pdf | L27: 106 | M27: =ROUND(L27*Settings!$B$4,0) | N27: =ROUND(M27*Settings!$B$2+IF(I27="Y",Settings!$B$3,0),2)
A28: 27 | B28: قطر الندى | C28: رياضيات | D28: 2 | E28: 1 | F28: 2027 | H28: كتاب | I28: Y | J28: library\Grade_02\قطر الندى - رياضيات - الصف الثاني الابتدائي - الترم الأول - 2027.pdf | K28: pdf | L28: 282 | M28: =ROUND(L28*Settings!$B$4,0) | N28: =ROUND(M28*Settings!$B$2+IF(I28="Y",Settings!$B$3,0),2)
A29: 28 | B29: التأسيس | C29: عربي | D29: 2 | E29: 1 | F29: 2027 | G29: المتميزون | H29: ملحق | I29: Y | J29: library\Grade_02\ملحق التأسيس - عربي - الصف الثاني الابتدائي - الترم الأول - 2027 - المتميزون.pdf | K29: pdf | L29: 50 | M29: =ROUND(L29*Settings!$B$4,0) | N29: =ROUND(M29*Settings!$B$2+IF(I29="Y",Settings!$B$3,0),2)
A30: 29 | C30: عربي | D30: 2 | E30: 1 | F30: 2027 | G30: المتميزون | H30: ملحق | I30: Y | J30: library\Grade_02\ملحق عربي - الصف الثاني الابتدائي - الترم الأول - 2027 - المتميزون - الاستاذ.pdf | K30: pdf | L30: 99 | M30: =ROUND(L30*Settings!$B$4,0) | N30: =ROUND(M30*Settings!$B$2+IF(I30="Y",Settings!$B$3,0),2)
A31: 30 | B31: الاضواء | C31: رياضيات | D31: 3 | E31: 1 | F31: 2027 | G31: المتميزون | H31: كتاب | I31: Y | J31: library\Grade_03\الاضواء - رياضيات - الصف الثالث الابتدائي - الترم الأول - 2027 - المتميزون.pdf | K31: pdf | L31: 216 | M31: =ROUND(L31*Settings!$B$4,0) | N31: =ROUND(M31*Settings!$B$2+IF(I31="Y",Settings!$B$3,0),2)
A32: 31 | B32: الاضواء | C32: عربي | D32: 3 | E32: 1 | F32: 2027 | G32: المتميزون | H32: كتاب | I32: Y | J32: library\Grade_03\الاضواء - عربي - الصف الثالث الابتدائي - الترم الأول - 2027 - المتميزون.pdf | K32: pdf | L32: 242 | M32: =ROUND(L32*Settings!$B$4,0) | N32: =ROUND(M32*Settings!$B$2+IF(I32="Y",Settings!$B$3,0),2)
A33: 32 | B33: الاضواء | C33: عربي | D33: 3 | E33: 1 | F33: 2027 | H33: كتاب | I33: Y | J33: library\Grade_03\الاضواء - عربي - الصف الثالث الابتدائي - الترم الأول - 2027.pdf | K33: pdf | L33: 99 | M33: =ROUND(L33*Settings!$B$4,0) | N33: =ROUND(M33*Settings!$B$2+IF(I33="Y",Settings!$B$3,0),2)
A34: 33 | B34: التأسيس | C34: رياضيات | D34: 3 | E34: 1 | F34: 2027 | H34: كتاب | I34: Y | J34: library\Grade_03\التأسيس - رياضيات - الصف الثالث الابتدائي - الترم الأول - 2027.pdf | K34: pdf | L34: 258 | M34: =ROUND(L34*Settings!$B$4,0) | N34: =ROUND(M34*Settings!$B$2+IF(I34="Y",Settings!$B$3,0),2)
A35: 34 | B35: التأسيس | C35: عربي | D35: 3 | E35: 1 | F35: 2027 | G35: المتميزون | H35: كتاب | I35: Y | J35: library\Grade_03\التأسيس - عربي - الصف الثالث الابتدائي - الترم الأول - 2027 - المتميزون.pdf | K35: pdf | L35: 242 | M35: =ROUND(L35*Settings!$B$4,0) | N35: =ROUND(M35*Settings!$B$2+IF(I35="Y",Settings!$B$3,0),2)
A36: 35 | D36: 3 | E36: 1 | F36: 2027 | H36: كتاب | I36: Y | J36: library\Grade_03\الصف الثالث الابتدائي - الترم الأول - 2027 - رياضه.pdf | K36: pdf | L36: 118 | M36: =ROUND(L36*Settings!$B$4,0) | N36: =ROUND(M36*Settings!$B$2+IF(I36="Y",Settings!$B$3,0),2)
A37: 36 | B37: المعاصر | C37: انجليزي | D37: 3 | E37: 1 | F37: 2027 | G37: المتميزون | H37: كتاب | I37: Y | J37: library\Grade_03\المعاصر - انجليزي - الصف الثالث الابتدائي - الترم الأول - 2027 - المتميزون.pdf | K37: pdf | L37: 298 | M37: =ROUND(L37*Settings!$B$4,0) | N37: =ROUND(M37*Settings!$B$2+IF(I37="Y",Settings!$B$3,0),2)
A38: 37 | B38: جيم | D38: 3 | E38: 1 | F38: 2027 | G38: المتميزون | H38: كتاب | I38: Y | J38: library\Grade_03\جيم - الصف الثالث الابتدائي - الترم الأول - 2027 - المتميزون.pdf | K38: pdf | L38: 266 | M38: =ROUND(L38*Settings!$B$4,0) | N38: =ROUND(M38*Settings!$B$2+IF(I38="Y",Settings!$B$3,0),2)
A39: 38 | B39: سلاح التلميذ | D39: 3 | E39: 1 | F39: 2027 | G39: المتميزون | H39: كتاب | I39: Y | J39: library\Grade_03\سلاح التلميذ - الصف الثالث الابتدائي - الترم الأول - 2027 - المتميزون - دين.pdf | K39: pdf | L39: 162 | M39: =ROUND(L39*Settings!$B$4,0) | N39: =ROUND(M39*Settings!$B$2+IF(I39="Y",Settings!$B$3,0),2)
A40: 39 | B40: سلاح التلميذ | C40: انجليزي | D40: 3 | E40: 1 | F40: 2027 | G40: المتميزون | H40: كتاب | I40: Y | J40: library\Grade_03\سلاح التلميذ - انجليزي - الصف الثالث الابتدائي - الترم الأول - 2027 - المتميزون.pdf | K40: pdf | L40: 288 | M40: =ROUND(L40*Settings!$B$4,0) | N40: =ROUND(M40*Settings!$B$2+IF(I40="Y",Settings!$B$3,0),2)
A41: 40 | B41: سلاح التلميذ | C41: رياضيات | D41: 3 | E41: 1 | F41: 2027 | G41: المتميزون | H41: كتاب | I41: Y | J41: library\Grade_03\سلاح التلميذ - رياضيات - الصف الثالث الابتدائي - الترم الأول - 2027 - المتميزون.pdf | K41: pdf | L41: 272 | M41: =ROUND(L41*Settings!$B$4,0) | N41: =ROUND(M41*Settings!$B$2+IF(I41="Y",Settings!$B$3,0),2)
A42: 41 | B42: سلاح التلميذ | C42: عربي | D42: 3 | E42: 1 | F42: 2027 | G42: المتميزون | H42: كتاب | I42: Y | J42: library\Grade_03\سلاح التلميذ - عربي - الصف الثالث الابتدائي - الترم الأول - 2027 - المتميزون.pdf | K42: pdf | L42: 240 | M42: =ROUND(L42*Settings!$B$4,0) | N42: =ROUND(M42*Settings!$B$2+IF(I42="Y",Settings!$B$3,0),2)
A43: 42 | C43: عربي | D43: 3 | E43: 1 | F43: 2027 | G43: المتميزون | H43: كتاب | I43: Y | J43: library\Grade_03\عربي - الصف الثالث الابتدائي - الترم الأول - 2027 - المتميزون - الاستاذ.pdf | K43: pdf | L43: 406 | M43: =ROUND(L43*Settings!$B$4,0) | N43: =ROUND(M43*Settings!$B$2+IF(I43="Y",Settings!$B$3,0),2)
A44: 43 | B44: الاضواء | C44: رياضيات | D44: 3 | E44: 1 | F44: 2027 | G44: المتميزون | H44: ملحق | I44: Y | J44: library\Grade_03\ملحق الاضواء - رياضيات - الصف الثالث الابتدائي - الترم الأول - 2027 - المتميزون.pdf | K44: pdf | L44: 80 | M44: =ROUND(L44*Settings!$B$4,0) | N44: =ROUND(M44*Settings!$B$2+IF(I44="Y",Settings!$B$3,0),2)
A45: 44 | B45: الاضواء | C45: عربي | D45: 3 | E45: 1 | F45: 2027 | G45: المتميزون | H45: ملحق | I45: Y | J45: library\Grade_03\ملحق الاضواء - عربي - الصف الثالث الابتدائي - الترم الأول - 2027 - المتميزون.pdf | K45: pdf | L45: 98 | M45: =ROUND(L45*Settings!$B$4,0) | N45: =ROUND(M45*Settings!$B$2+IF(I45="Y",Settings!$B$3,0),2)
A46: 45 | B46: التأسيس | C46: رياضيات | D46: 3 | E46: 1 | F46: 2027 | G46: المتميزون | H46: ملحق | I46: Y | J46: library\Grade_03\ملحق التأسيس - رياضيات - الصف الثالث الابتدائي - الترم الأول - 2027 - المتميزون.pdf | K46: pdf | L46: 34 | M46: =ROUND(L46*Settings!$B$4,0) | N46: =ROUND(M46*Settings!$B$2+IF(I46="Y",Settings!$B$3,0),2)
A47: 46 | B47: التأسيس | C47: عربي | D47: 3 | E47: 1 | F47: 2027 | G47: المتميزون | H47: ملحق | I47: Y | J47: library\Grade_03\ملحق التأسيس - عربي - الصف الثالث الابتدائي - الترم الأول - 2027 - المتميزون.pdf | K47: pdf | L47: 50 | M47: =ROUND(L47*Settings!$B$4,0) | N47: =ROUND(M47*Settings!$B$2+IF(I47="Y",Settings!$B$3,0),2)
A48: 47 | B48: الشاطر | C48: عربي | D48: 3 | E48: 1 | F48: 2027 | H48: ملحق | I48: Y | J48: library\Grade_03\ملحق الشاطر - عربي - الصف الثالث الابتدائي - الترم الأول - 2027 - 1.pdf | K48: pdf | L48: 82 | M48: =ROUND(L48*Settings!$B$4,0) | N48: =ROUND(M48*Settings!$B$2+IF(I48="Y",Settings!$B$3,0),2)
A49: 48 | B49: جيم | C49: انجليزي | D49: 3 | E49: 1 | F49: 2027 | G49: المتميزون | H49: ملحق | I49: Y | J49: library\Grade_03\ملحق جيم - انجليزي - الصف الثالث الابتدائي - الترم الأول - 2027 - المتميزون.pdf | K49: pdf | L49: 74 | M49: =ROUND(L49*Settings!$B$4,0) | N49: =ROUND(M49*Settings!$B$2+IF(I49="Y",Settings!$B$3,0),2)
A50: 49 | B50: سلاح التلميذ | C50: انجليزي | D50: 3 | E50: 1 | F50: 2027 | G50: المتميزون | H50: ملحق | I50: Y | J50: library\Grade_03\ملحق سلاح التلميذ - انجليزي - الصف الثالث الابتدائي - الترم الأول - 2027 - المتميزون.pdf | K50: pdf | L50: 98 | M50: =ROUND(L50*Settings!$B$4,0) | N50: =ROUND(M50*Settings!$B$2+IF(I50="Y",Settings!$B$3,0),2)
A51: 50 | B51: الامتحان | C51: عربي | D51: 4 | E51: 1 | F51: 2027 | G51: المتميزون | H51: كتاب | I51: Y | J51: library\Grade_04\الامتحان - عربي - الصف الرابع الابتدائي - الترم الأول - 2027 - المتميزون.pdf | K51: pdf | L51: 274 | M51: =ROUND(L51*Settings!$B$4,0) | N51: =ROUND(M51*Settings!$B$2+IF(I51="Y",Settings!$B$3,0),2)
A52: 51 | B52: سلاح التلميذ | D52: 4 | E52: 1 | F52: 2027 | G52: المتميزون | H52: كتاب | I52: Y | J52: library\Grade_04\سلاح التلميذ - الصف الرابع الابتدائي - الترم الأول - 2027 - المتميزون - دين.pdf | K52: pdf | L52: 178 | M52: =ROUND(L52*Settings!$B$4,0) | N52: =ROUND(M52*Settings!$B$2+IF(I52="Y",Settings!$B$3,0),2)
A53: 52 | B53: سلاح التلميذ | D53: 4 | E53: 1 | F53: 2027 | G53: المتميزون | H53: كتاب | I53: Y | J53: library\Grade_04\سلاح التلميذ - الصف الرابع الابتدائي - الترم الأول - 2027 - المتميزون - كمبيوتر.pdf | K53: pdf | L53: 130 | M53: =ROUND(L53*Settings!$B$4,0) | N53: =ROUND(M53*Settings!$B$2+IF(I53="Y",Settings!$B$3,0),2)
A54: 53 | B54: سلاح التلميذ | C54: انجليزي | D54: 4 | E54: 1 | F54: 2027 | G54: المتميزون | H54: كتاب | I54: Y | J54: library\Grade_04\سلاح التلميذ - انجليزي - الصف الرابع الابتدائي - الترم الأول - 2027 - المتميزون.pdf | K54: pdf | L54: 274 | M54: =ROUND(L54*Settings!$B$4,0) | N54: =ROUND(M54*Settings!$B$2+IF(I54="Y",Settings!$B$3,0),2)
A55: 54 | B55: سلاح التلميذ | C55: علوم | D55: 4 | E55: 1 | F55: 2027 | G55: المتميزون | H55: كتاب | I55: Y | J55: library\Grade_04\سلاح التلميذ - علوم - الصف الرابع الابتدائي - الترم الأول - 2027 - المتميزون.pdf | K55: pdf | L55: 210 | M55: =ROUND(L55*Settings!$B$4,0) | N55: =ROUND(M55*Settings!$B$2+IF(I55="Y",Settings!$B$3,0),2)
A56: 55 | B56: قطر الندى | C56: دراسات | D56: 4 | E56: 1 | F56: 2027 | G56: المتميزون | H56: كتاب | I56: Y | J56: library\Grade_04\قطر الندى - دراسات - الصف الرابع الابتدائي - الترم الأول - 2027 - المتميزون.pdf | K56: pdf | L56: 234 | M56: =ROUND(L56*Settings!$B$4,0) | N56: =ROUND(M56*Settings!$B$2+IF(I56="Y",Settings!$B$3,0),2)
A57: 56 | B57: الامتحان | C57: عربي | D57: 4 | E57: 1 | F57: 2027 | G57: المتميزون | H57: ملحق | I57: Y | J57: library\Grade_04\ملحق الامتحان - عربي - الصف الرابع الابتدائي - الترم الأول - 2027 - المتميزون.pdf | K57: pdf | L57: 212 | M57: =ROUND(L57*Settings!$B$4,0) | N57: =ROUND(M57*Settings!$B$2+IF(I57="Y",Settings!$B$3,0),2)
A58: 57 | B58: سلاح التلميذ | C58: انجليزي | D58: 4 | E58: 1 | F58: 2027 | G58: المتميزون | H58: ملحق | I58: Y | J58: library\Grade_04\ملحق سلاح التلميذ - انجليزي - الصف الرابع الابتدائي - الترم الأول - 2027 - المتميزون.pdf | K58: pdf | L58: 98 | M58: =ROUND(L58*Settings!$B$4,0) | N58: =ROUND(M58*Settings!$B$2+IF(I58="Y",Settings!$B$3,0),2)
A59: 58 | B59: سلاح التلميذ | C59: عربي | D59: 4 | E59: 1 | F59: 2027 | G59: المتميزون | H59: ملحق | I59: Y | J59: library\Grade_04\ملحق سلاح التلميذ - عربي - الصف الرابع الابتدائي - الترم الأول - 2027 - المتميزون.pdf | K59: pdf | L59: 130 | M59: =ROUND(L59*Settings!$B$4,0) | N59: =ROUND(M59*Settings!$B$2+IF(I59="Y",Settings!$B$3,0),2)
A60: 59 | B60: الاضواء | D60: 5 | E60: 1 | F60: 2027 | H60: كتاب | I60: Y | J60: library\Grade_05\الاضواء - الصف الخامس الابتدائي - الترم الأول - 2027 - رياضه.pdf | K60: pdf | L60: 208 | M60: =ROUND(L60*Settings!$B$4,0) | N60: =ROUND(M60*Settings!$B$2+IF(I60="Y",Settings!$B$3,0),2)
A61: 60 | B61: الاضواء | C61: عربي | D61: 5 | E61: 1 | F61: 2027 | H61: كتاب | I61: Y | J61: library\Grade_05\الاضواء - عربي - الصف الخامس الابتدائي - الترم الأول - 2027.pdf | K61: pdf | L61: 288 | M61: =ROUND(L61*Settings!$B$4,0) | N61: =ROUND(M61*Settings!$B$2+IF(I61="Y",Settings!$B$3,0),2)
A62: 61 | B62: التأسيس | C62: دراسات | D62: 5 | E62: 1 | F62: 2027 | H62: كتاب | I62: Y | J62: library\Grade_05\التأسيس - دراسات - الصف الخامس الابتدائي - الترم الأول - 2027.pdf | K62: pdf | L62: 210 | M62: =ROUND(L62*Settings!$B$4,0) | N62: =ROUND(M62*Settings!$B$2+IF(I62="Y",Settings!$B$3,0),2)
A63: 62 | B63: التأسيس | C63: عربي | D63: 5 | E63: 1 | F63: 2027 | H63: كتاب | I63: Y | J63: library\Grade_05\التأسيس - عربي - الصف الخامس الابتدائي - الترم الأول - 2027.pdf | K63: pdf | L63: 258 | M63: =ROUND(L63*Settings!$B$4,0) | N63: =ROUND(M63*Settings!$B$2+IF(I63="Y",Settings!$B$3,0),2)
A64: 63 | B64: الشاطر | C64: رياضيات | D64: 5 | E64: 1 | F64: 2027 | H64: كتاب | I64: Y | J64: library\Grade_05\الشاطر - رياضيات - الصف الخامس الابتدائي - الترم الأول - 2027.pdf | K64: pdf | L64: 274 | M64: =ROUND(L64*Settings!$B$4,0) | N64: =ROUND(M64*Settings!$B$2+IF(I64="Y",Settings!$B$3,0),2)
A65: 64 | B65: الشاطر | C65: عربي | D65: 5 | E65: 1 | F65: 2027 | H65: كتاب | I65: Y | J65: library\Grade_05\الشاطر - عربي - الصف الخامس الابتدائي - الترم الأول - 2027.pdf | K65: pdf | L65: 226 | M65: =ROUND(L65*Settings!$B$4,0) | N65: =ROUND(M65*Settings!$B$2+IF(I65="Y",Settings!$B$3,0),2)
A66: 65 | D66: 5 | E66: 1 | F66: 2027 | G66: المتميزون | H66: كتاب | I66: Y | J66: library\Grade_05\الصف الخامس الابتدائي - الترم الأول - 2027 - المتميزون - بت باي بت.pdf | K66: pdf | L66: 210 | M66: =ROUND(L66*Settings!$B$4,0) | N66: =ROUND(M66*Settings!$B$2+IF(I66="Y",Settings!$B$3,0),2)
A67: 66 | D67: 5 | E67: 1 | F67: 2027 | H67: كتاب | I67: Y | J67: library\Grade_05\الصف الخامس الابتدائي - الترم الأول - 2027 - تاسيس القواعد النحويه + مقرر ا سمير.pdf | K67: pdf | L67: 62 | M67: =ROUND(L67*Settings!$B$4,0) | N67: =ROUND(M67*Settings!$B$2+IF(I67="Y",Settings!$B$3,0),2)
A68: 67 | D68: 5 | E68: 1 | F68: 2027 | H68: كتاب | I68: Y | J68: library\Grade_05\الصف الخامس الابتدائي - الترم الأول - 2027 - حل كتاب المدرسه خامسه ابتدائي Mr Mohamed Said.pdf | K68: pdf | L68: 112 | M68: =ROUND(L68*Settings!$B$4,0) | N68: =ROUND(M68*Settings!$B$2+IF(I68="Y",Settings!$B$3,0),2)
A69: 68 | B69: المعاصر | C69: انجليزي | D69: 5 | E69: 1 | F69: 2027 | G69: المتميزون | H69: كتاب | I69: Y | J69: library\Grade_05\المعاصر - انجليزي - الصف الخامس الابتدائي - الترم الأول - 2027 - المتميزون.pdf | K69: pdf | L69: 274 | M69: =ROUND(L69*Settings!$B$4,0) | N69: =ROUND(M69*Settings!$B$2+IF(I69="Y",Settings!$B$3,0),2)
A70: 69 | B70: المعاصر | C70: انجليزي | D70: 5 | H70: كتاب | I70: Y | J70: library\Grade_05\المعاصر - انجليزي - الصف الخامس الابتدائي - حل الوحده الاولي كامله من كتاب لغه ه للصف الخامس.pdf | K70: pdf | L70: 21 | M70: =ROUND(L70*Settings!$B$4,0) | N70: =ROUND(M70*Settings!$B$2+IF(I70="Y",Settings!$B$3,0),2)
A71: 70 | B71: جيم | C71: انجليزي | D71: 5 | E71: 1 | F71: 2027 | H71: كتاب | I71: Y | J71: library\Grade_05\جيم - انجليزي - الصف الخامس الابتدائي - الترم الأول - 2027.pdf | K71: pdf | L71: 256 | M71: =ROUND(L71*Settings!$B$4,0) | N71: =ROUND(M71*Settings!$B$2+IF(I71="Y",Settings!$B$3,0),2)
A72: 71 | D72: 5 | F72: 2027 | H72: حلول | I72: Y | J72: library\Grade_05\حلول الصف الخامس الابتدائي - 2027 - +تقييمات+خامسه+ابتدائي+الترم+الاول+ +Mr +Mohamed+Said 1.pdf | K72: pdf | L72: 69 | M72: =ROUND(L72*Settings!$B$4,0) | N72: =ROUND(M72*Settings!$B$2+IF(I72="Y",Settings!$B$3,0),2)
A73: 72 | B73: سلاح التلميذ | D73: 5 | E73: 1 | F73: 2027 | G73: المتميزون | H73: كتاب | I73: Y | J73: library\Grade_05\سلاح التلميذ - الصف الخامس الابتدائي - الترم الأول - 2027 - المتميزون - دين.pdf | K73: pdf | L73: 178 | M73: =ROUND(L73*Settings!$B$4,0) | N73: =ROUND(M73*Settings!$B$2+IF(I73="Y",Settings!$B$3,0),2)
A74: 73 | B74: سلاح التلميذ | D74: 5 | E74: 1 | F74: 2027 | G74: المتميزون | H74: كتاب | I74: Y | J74: library\Grade_05\سلاح التلميذ - الصف الخامس الابتدائي - الترم الأول - 2027 - المتميزون - كمبيوتر.pdf | K74: pdf | L74: 130 | M74: =ROUND(L74*Settings!$B$4,0) | N74: =ROUND(M74*Settings!$B$2+IF(I74="Y",Settings!$B$3,0),2)
A75: 74 | B75: سلاح التلميذ | C75: دراسات | D75: 5 | E75: 1 | F75: 2027 | H75: كتاب | I75: Y | J75: library\Grade_05\سلاح التلميذ - دراسات - الصف الخامس الابتدائي - الترم الأول - 2027.pdf | K75: pdf | L75: 290 | M75: =ROUND(L75*Settings!$B$4,0) | N75: =ROUND(M75*Settings!$B$2+IF(I75="Y",Settings!$B$3,0),2)
A76: 75 | B76: سلاح التلميذ | C76: رياضيات | D76: 5 | E76: 1 | F76: 2027 | H76: كتاب | I76: Y | J76: library\Grade_05\سلاح التلميذ - رياضيات - الصف الخامس الابتدائي - الترم الأول - 2027.pdf | K76: pdf | L76: 290 | M76: =ROUND(L76*Settings!$B$4,0) | N76: =ROUND(M76*Settings!$B$2+IF(I76="Y",Settings!$B$3,0),2)
A77: 76 | B77: سلاح التلميذ | C77: رياضيات | D77: 5 | E77: 1 | G77: المتميزون | H77: كتاب | I77: Y | J77: library\Grade_05\سلاح التلميذ - رياضيات - الصف الخامس الابتدائي - الترم الأول - المتميزون.pdf | K77: pdf | L77: 290 | M77: =ROUND(L77*Settings!$B$4,0) | N77: =ROUND(M77*Settings!$B$2+IF(I77="Y",Settings!$B$3,0),2)
A78: 77 | B78: سلاح التلميذ | C78: عربي | D78: 5 | E78: 1 | F78: 2027 | H78: كتاب | I78: Y | J78: library\Grade_05\سلاح التلميذ - عربي - الصف الخامس الابتدائي - الترم الأول - 2027.pdf | K78: pdf | L78: 274 | M78: =ROUND(L78*Settings!$B$4,0) | N78: =ROUND(M78*Settings!$B$2+IF(I78="Y",Settings!$B$3,0),2)
A79: 78 | B79: سلاح التلميذ | C79: علوم | D79: 5 | E79: 1 | F79: 2027 | G79: المتميزون | H79: كتاب | I79: Y | J79: library\Grade_05\سلاح التلميذ - علوم - الصف الخامس الابتدائي - الترم الأول - 2027 - المتميزون - ‎⁨ ⁩.pdf | K79: pdf | L79: 210 | M79: =ROUND(L79*Settings!$B$4,0) | N79: =ROUND(M79*Settings!$B$2+IF(I79="Y",Settings!$B$3,0),2)
A80: 79 | B80: سلاح التلميذ | C80: علوم | D80: 5 | E80: 1 | F80: 2027 | G80: المتميزون | H80: كتاب | I80: Y | J80: library\Grade_05\سلاح التلميذ - علوم - الصف الخامس الابتدائي - الترم الأول - 2027 - المتميزون.pdf | K80: pdf | L80: 210 | M80: =ROUND(L80*Settings!$B$4,0) | N80: =ROUND(M80*Settings!$B$2+IF(I80="Y",Settings!$B$3,0),2)
A81: 80 | B81: قطر الندى | C81: دراسات | D81: 5 | E81: 1 | F81: 2027 | G81: المتميزون | H81: كتاب | I81: Y | J81: library\Grade_05\قطر الندى - دراسات - الصف الخامس الابتدائي - الترم الأول - 2027 - المتميزون.pdf | K81: pdf | L81: 234 | M81: =ROUND(L81*Settings!$B$4,0) | N81: =ROUND(M81*Settings!$B$2+IF(I81="Y",Settings!$B$3,0),2)
A82: 81 | B82: الاضواء | D82: 5 | E82: 1 | F82: 2027 | H82: ملحق | I82: Y | J82: library\Grade_05\ملحق الاضواء - الصف الخامس الابتدائي - الترم الأول - 2027 - رياضه.pdf | K82: pdf | L82: 82 | M82: =ROUND(L82*Settings!$B$4,0) | N82: =ROUND(M82*Settings!$B$2+IF(I82="Y",Settings!$B$3,0),2)
A83: 82 | B83: الاضواء | C83: عربي | D83: 5 | E83: 1 | F83: 2027 | H83: ملحق | I83: Y | J83: library\Grade_05\ملحق الاضواء - عربي - الصف الخامس الابتدائي - الترم الأول - 2027.pdf | K83: pdf | L83: 98 | M83: =ROUND(L83*Settings!$B$4,0) | N83: =ROUND(M83*Settings!$B$2+IF(I83="Y",Settings!$B$3,0),2)
A84: 83 | B84: التأسيس | C84: دراسات | D84: 5 | E84: 1 | F84: 2027 | H84: ملحق | I84: Y | J84: library\Grade_05\ملحق التأسيس - دراسات - الصف الخامس الابتدائي - الترم الأول - 2027.pdf | K84: pdf | L84: 50 | M84: =ROUND(L84*Settings!$B$4,0) | N84: =ROUND(M84*Settings!$B$2+IF(I84="Y",Settings!$B$3,0),2)
A85: 84 | B85: التأسيس | C85: عربي | D85: 5 | E85: 1 | F85: 2027 | H85: ملحق | I85: Y | J85: library\Grade_05\ملحق التأسيس - عربي - الصف الخامس الابتدائي - الترم الأول - 2027.pdf | K85: pdf | L85: 50 | M85: =ROUND(L85*Settings!$B$4,0) | N85: =ROUND(M85*Settings!$B$2+IF(I85="Y",Settings!$B$3,0),2)
A86: 85 | B86: الشاطر | C86: عربي | D86: 5 | E86: 1 | F86: 2027 | H86: ملحق | I86: Y | J86: library\Grade_05\ملحق الشاطر - عربي - الصف الخامس الابتدائي - الترم الأول - 2027.pdf | K86: pdf | L86: 82 | M86: =ROUND(L86*Settings!$B$4,0) | N86: =ROUND(M86*Settings!$B$2+IF(I86="Y",Settings!$B$3,0),2)
A87: 86 | D87: 5 | E87: 1 | F87: 2027 | G87: المتميزون | H87: ملحق | I87: Y | J87: library\Grade_05\ملحق الصف الخامس الابتدائي - الترم الأول - 2027 - المتميزون - بت باي بت.pdf | K87: pdf | L87: 114 | M87: =ROUND(L87*Settings!$B$4,0) | N87: =ROUND(M87*Settings!$B$2+IF(I87="Y",Settings!$B$3,0),2)
A88: 87 | B88: المعاصر | C88: انجليزي | D88: 5 | E88: 1 | F88: 2027 | G88: المتميزون | H88: ملحق | I88: Y | J88: library\Grade_05\ملحق المعاصر - انجليزي - الصف الخامس الابتدائي - الترم الأول - 2027 - المتميزون.pdf | K88: pdf | L88: 46 | M88: =ROUND(L88*Settings!$B$4,0) | N88: =ROUND(M88*Settings!$B$2+IF(I88="Y",Settings!$B$3,0),2)
A89: 88 | B89: جيم | C89: انجليزي | D89: 5 | E89: 1 | F89: 2027 | H89: ملحق | I89: Y | J89: library\Grade_05\ملحق جيم - انجليزي - الصف الخامس الابتدائي - الترم الأول - 2027.pdf | K89: pdf | L89: 73 | M89: =ROUND(L89*Settings!$B$4,0) | N89: =ROUND(M89*Settings!$B$2+IF(I89="Y",Settings!$B$3,0),2)
A90: 89 | B90: سلاح التلميذ | C90: عربي | D90: 5 | E90: 1 | F90: 2027 | H90: ملحق | I90: Y | J90: library\Grade_05\ملحق سلاح التلميذ - عربي - الصف الخامس الابتدائي - الترم الأول - 2027.pdf | K90: pdf | L90: 130 | M90: =ROUND(L90*Settings!$B$4,0) | N90: =ROUND(M90*Settings!$B$2+IF(I90="Y",Settings!$B$3,0),2)
A91: 90 | B91: الاضواء | C91: دراسات | D91: 6 | E91: 1 | F91: 2027 | G91: المتميزون | H91: كتاب | I91: Y | J91: library\Grade_06\الاضواء - دراسات - الصف السادس الابتدائي - الترم الأول - 2027 - المتميزون.pdf | K91: pdf | L91: 218 | M91: =ROUND(L91*Settings!$B$4,0) | N91: =ROUND(M91*Settings!$B$2+IF(I91="Y",Settings!$B$3,0),2)
A92: 91 | B92: الاضواء | C92: دراسات | D92: 6 | H92: كتاب | I92: Y | J92: library\Grade_06\الاضواء - دراسات - الصف السادس الابتدائي.pdf | K92: pdf | L92: 218 | M92: =ROUND(L92*Settings!$B$4,0) | N92: =ROUND(M92*Settings!$B$2+IF(I92="Y",Settings!$B$3,0),2)
A93: 92 | B93: الاضواء | C93: رياضيات | D93: 6 | E93: 1 | F93: 2027 | G93: المتميزون | H93: كتاب | I93: Y | J93: library\Grade_06\الاضواء - رياضيات - الصف السادس الابتدائي - الترم الأول - 2027 - المتميزون.pdf | K93: pdf | L93: 210 | M93: =ROUND(L93*Settings!$B$4,0) | N93: =ROUND(M93*Settings!$B$2+IF(I93="Y",Settings!$B$3,0),2)
A94: 93 | B94: الاضواء | C94: رياضيات | D94: 6 | H94: كتاب | I94: Y | J94: library\Grade_06\الاضواء - رياضيات - الصف السادس الابتدائي.pdf | K94: pdf | L94: 210 | M94: =ROUND(L94*Settings!$B$4,0) | N94: =ROUND(M94*Settings!$B$2+IF(I94="Y",Settings!$B$3,0),2)
A95: 94 | B95: الاضواء | C95: عربي | D95: 6 | E95: 1 | F95: 2027 | H95: كتاب | I95: Y | J95: library\Grade_06\الاضواء - عربي - الصف السادس الابتدائي - الترم الأول - 2027.pdf | K95: pdf | L95: 288 | M95: =ROUND(L95*Settings!$B$4,0) | N95: =ROUND(M95*Settings!$B$2+IF(I95="Y",Settings!$B$3,0),2)
A96: 95 | B96: التأسيس | C96: دراسات | D96: 6 | E96: 1 | F96: 2027 | G96: المتميزون | H96: كتاب | I96: Y | J96: library\Grade_06\التأسيس - دراسات - الصف السادس الابتدائي - الترم الأول - 2027 - المتميزون.pdf | K96: pdf | L96: 242 | M96: =ROUND(L96*Settings!$B$4,0) | N96: =ROUND(M96*Settings!$B$2+IF(I96="Y",Settings!$B$3,0),2)
A97: 96 | B97: التأسيس | C97: عربي | D97: 6 | E97: 1 | F97: 2027 | H97: كتاب | I97: Y | J97: library\Grade_06\التأسيس - عربي - الصف السادس الابتدائي - الترم الأول - 2027.pdf | K97: pdf | L97: 258 | M97: =ROUND(L97*Settings!$B$4,0) | N97: =ROUND(M97*Settings!$B$2+IF(I97="Y",Settings!$B$3,0),2)
A98: 97 | B98: الشاطر | C98: رياضيات | D98: 6 | E98: 1 | F98: 2027 | G98: المتميزون | H98: كتاب | I98: Y | J98: library\Grade_06\الشاطر - رياضيات - الصف السادس الابتدائي - الترم الأول - 2027 - المتميزون.pdf | K98: pdf | L98: 258 | M98: =ROUND(L98*Settings!$B$4,0) | N98: =ROUND(M98*Settings!$B$2+IF(I98="Y",Settings!$B$3,0),2)
A99: 98 | B99: الشاطر | C99: عربي | D99: 6 | E99: 1 | F99: 2027 | G99: المتميزون | H99: كتاب | I99: Y | J99: library\Grade_06\الشاطر - عربي - الصف السادس الابتدائي - الترم الأول - 2027 - المتميزون.pdf | K99: pdf | L99: 242 | M99: =ROUND(L99*Settings!$B$4,0) | N99: =ROUND(M99*Settings!$B$2+IF(I99="Y",Settings!$B$3,0),2)
A100: 99 | D100: 6 | E100: 1 | F100: 2027 | G100: المتميزون | H100: كتاب | I100: Y | J100: library\Grade_06\الصف السادس الابتدائي - الترم الأول - 2027 - المتميزون - بت باي بت.pdf | K100: pdf | L100: 242 | M100: =ROUND(L100*Settings!$B$4,0) | N100: =ROUND(M100*Settings!$B$2+IF(I100="Y",Settings!$B$3,0),2)
...

Sheet Settings
A1: Setting | B1: Value | C1: Note
A2: price_per_paper | B2: 0.65 | C2: EGP per printed paper
A3: cover_cost | B3: 20 | C3: EGP added to a book when Cover = Y
A4: pages_per_paper | B4: 0.5 | C4: 1 = single-sided, 0.5 = double-sided
A5: default_cover | B5: Y | C5: Y = new books include a cover by default
A6: price_formula | B6: (PaperCount * price_per_paper) + IF(Cover='Y', cover_cost, 0) | C6: Unit Price column uses this
